{
  "knee": {
    "beta": 0.21,
    "gamma": 4.5,
    "Nr": 6,
    "R*": 0.7355368897473757,
    "dP*": 0.09519428532973351,
    "Theta*": 0.7910775819829508
  },
  "ideal_point": {
    "beta": 0.22,
    "gamma": 4.5,
    "Nr": 4,
    "R*": 0.7412952307538123,
    "dP*": 0.08484227533467514,
    "Theta*": 0.7721812379462539
  },
  "anchors": {
    "R*": {
      "beta": 0.2275,
      "gamma": 3.0375,
      "Nr": 10
    },
    "dP*": {
      "beta": 0.0,
      "gamma": 4.5,
      "Nr": 4
    },
    "Theta*": {
      "beta": 0.2275,
      "gamma": 3.5375,
      "Nr": 4
    }
  },
  "n_pareto": 1365,
  "n_grid": 87846
}