{
  "knee": {
    "beta": 0.21,
    "gamma": 4.5,
    "Nr": 6,
    "R*": 0.7355368897472943,
    "dP*": 0.09519428584011878,
    "Theta*": 0.79107758159665
  },
  "ideal_point": {
    "beta": 0.22,
    "gamma": 4.5,
    "Nr": 4,
    "R*": 0.7412952307533234,
    "dP*": 0.08484227601418454,
    "Theta*": 0.7721812372306062
  },
  "anchors": {
    "R*": {
      "beta": 0.2275,
      "gamma": 3.0375,
      "Nr": 10
    },
    "dP*": {
      "beta": 0.0,
      "gamma": 4.5,
      "Nr": 4
    },
    "Theta*": {
      "beta": 0.2275,
      "gamma": 3.5375,
      "Nr": 4
    }
  },
  "n_pareto": 1365,
  "n_grid": 87846
}