{
  "design_point": {
    "beta": 0.22,
    "gamma": 4.5,
    "Nr": 4
  },
  "baseline": {
    "R*": 0.7412952307532865,
    "dP*": 0.08484227533356933,
    "Theta*": 0.7721812372305018
  },
  "local_sensitivity": {
    "beta": {
      "R*": {
        "dYdx": -0.015122786619687306,
        "S_norm": -0.00448810800111364
      },
      "dP*": {
        "dYdx": 0.11078642879289799,
        "S_norm": 0.2872744069935846
      },
      "Theta*": {
        "dYdx": -0.012123658853855558,
        "S_norm": -0.003454117788997821
      }
    },
    "gamma": {
      "R*": {
        "dYdx": -0.019525724264409423,
        "S_norm": -0.11853004787384822
      },
      "dP*": {
        "dYdx": -0.0170480527059332,
        "S_norm": -0.9042218266197921
      },
      "Theta*": {
        "dYdx": -0.020845557247326257,
        "S_norm": -0.12148055804801518
      }
    },
    "Nr": {
      "R*": {
        "dYdx": -0.0063130693362786205,
        "S_norm": -0.03406507461197844
      },
      "dP*": {
        "dYdx": 0.005291543107103523,
        "S_norm": 0.24947671835999577
      },
      "Theta*": {
        "dYdx": 0.0027831586782416373,
        "S_norm": 0.014417126674684243
      }
    }
  },
  "monte_carlo": {
    "R*": {
      "mean": 0.7426572019065337,
      "std": 0.0015017958206872866,
      "cv_%": 0.2022192495853953,
      "p95": 0.7453719720475089,
      "worst(max)": 0.7475965359565951,
      "range": 0.0098600542312407
    },
    "dP*": {
      "mean": 0.08667120308598084,
      "std": 0.0027959374506073527,
      "cv_%": 3.2259128188559765,
      "p95": 0.092328737618059,
      "worst(max)": 0.1098781469950604,
      "range": 0.02762542830797121
    },
    "Theta*": {
      "mean": 0.7738487776092904,
      "std": 0.001594728703346089,
      "cv_%": 0.2060775631477774,
      "p95": 0.7765459278207483,
      "worst(max)": 0.7829929490245987,
      "range": 0.010820255357860797
    }
  },
  "sobol_bg": {
    "R*": {
      "beta": {
        "S1": 0.0,
        "ST": 0.050778909328093966
      },
      "gamma": {
        "S1": 0.612321418054739,
        "ST": 0.9520012429901765
      }
    },
    "dP*": {
      "beta": {
        "S1": 0.41596792040661984,
        "ST": 0.24281900577489715
      },
      "gamma": {
        "S1": 0.5514328655138574,
        "ST": 0.7497954746365315
      }
    },
    "Theta*": {
      "beta": {
        "S1": 0.794367097951719,
        "ST": 0.22323429023994965
      },
      "gamma": {
        "S1": 1.311182126682391,
        "ST": 0.7901484129290246
      }
    }
  },
  "nr_discrete": {
    "N_r2": {
      "R*": {
        "value": 0.7600218602973511,
        "delta_%": 2.5262039693733107
      },
      "dP*": {
        "value": 0.07604032054206672,
        "delta_%": -10.374491675166055
      },
      "Theta*": {
        "value": 0.7795084064564115,
        "delta_%": 0.94889241963315
      }
    },
    "N_r6": {
      "R*": {
        "value": 0.7347695829522366,
        "delta_%": -0.8803034918245338
      },
      "dP*": {
        "value": 0.09720649297048081,
        "delta_%": 14.573180160833521
      },
      "Theta*": {
        "value": 0.7906410411693781,
        "delta_%": 2.3906050871015743
      }
    }
  }
}