{
  "results": {
    "R*": {
      "PhysElasticNet": {
        "R2_train": 0.8641996503753842,
        "Q2_LOO": 0.823936354927183,
        "RMSE": 0.0046994132188588065,
        "MAE": 0.003725537938130006
      },
      "GP_Kriging": {
        "R2_train": 0.999999999999991,
        "Q2_LOO": 0.9985916138299967,
        "RMSE": 0.0004203099446008683,
        "MAE": 0.00019360152287295617
      },
      "QuadRSM": {
        "R2_train": 0.7964605467149538,
        "Q2_LOO": 0.7097526847137094,
        "RMSE": 0.0060338275741004845,
        "MAE": 0.0049243707650587325
      },
      "RandomForest": {
        "R2_train": 0.9535403376522937,
        "Q2_LOO": 0.8751503471770469,
        "RMSE": 0.003957331748015437,
        "MAE": 0.0029522206664969993
      }
    },
    "dP*": {
      "PhysElasticNet": {
        "R2_train": 0.9940029291115003,
        "Q2_LOO": 0.9927045302955835,
        "RMSE": 0.00235792474209322,
        "MAE": 0.0019484413525916277
      },
      "GP_Kriging": {
        "R2_train": 0.9999488790283937,
        "Q2_LOO": 0.9991488540208475,
        "RMSE": 0.0008053883373026723,
        "MAE": 0.00040206198975444854
      },
      "QuadRSM": {
        "R2_train": 0.9763444494848461,
        "Q2_LOO": 0.9678013664473044,
        "RMSE": 0.004953612506884803,
        "MAE": 0.004137158155089259
      },
      "RandomForest": {
        "R2_train": 0.9728527189239875,
        "Q2_LOO": 0.9143324176490242,
        "RMSE": 0.008080003814496346,
        "MAE": 0.005321273605158004
      }
    },
    "Theta*": {
      "PhysElasticNet": {
        "R2_train": 0.5915576935445492,
        "Q2_LOO": 0.4784967831598479,
        "RMSE": 0.013957421773438177,
        "MAE": 0.011266737763325992
      },
      "GP_Kriging": {
        "R2_train": 0.9999999999999835,
        "Q2_LOO": 0.9966311273635172,
        "RMSE": 0.0011218092140778495,
        "MAE": 0.0006328908078349112
      },
      "QuadRSM": {
        "R2_train": 0.7967631337202812,
        "Q2_LOO": 0.7385131521821787,
        "RMSE": 0.009883292109047634,
        "MAE": 0.008041916191684383
      },
      "RandomForest": {
        "R2_train": 0.9418353459839718,
        "Q2_LOO": 0.8506558200799463,
        "RMSE": 0.007469144436976086,
        "MAE": 0.00563273978392508
      }
    }
  },
  "best_per_target": {
    "R*": "GP_Kriging",
    "dP*": "GP_Kriging",
    "Theta*": "GP_Kriging"
  },
  "rf_importance": {
    "R*": {
      "beta": 0.25923215846623826,
      "gamma": 0.3618840638525944,
      "Nr": 0.3788837776811672
    },
    "dP*": {
      "beta": 0.342951555976503,
      "gamma": 0.4213540492629347,
      "Nr": 0.23569439476056234
    },
    "Theta*": {
      "beta": 0.37327855072354943,
      "gamma": 0.18168116906892862,
      "Nr": 0.445040280207522
    }
  },
  "en_coefficients": {
    "R*": {
      "1/gamma": -0.0009770612100658148,
      "1/gamma^2": -0.0075499442489385,
      "phi_mix": -0.015374421714175288,
      "phi_block": 0.00671527429506006,
      "Nr": 0.016226594089677568,
      "beta^2": 0.009960778430062957,
      "beta*Nr": -0.01723030405304113,
      "(1+gamma)": -0.0023707622959001254
    },
    "dP*": {
      "1/gamma": 0.0,
      "1/gamma^2": 0.017436057079938987,
      "phi_mix": 0.004154438201630812,
      "phi_block": 0.030385398878850216,
      "Nr": 0.0021561527987639722,
      "beta^2": -0.006645450309690705,
      "beta*Nr": -0.00871531168994923,
      "(1+gamma)": 0.00016923586204532044
    },
    "Theta*": {
      "1/gamma": 0.0,
      "1/gamma^2": 0.01517485757600711,
      "phi_mix": -0.027003719370964286,
      "phi_block": 0.0159943786108747,
      "Nr": 0.02090879737673174,
      "beta^2": 0.0,
      "beta*Nr": 0.0,
      "(1+gamma)": 0.010441348926862291
    }
  }
}